2019-07-03T11:31:31.266863Z,3,male,23
2019-07-03T13:34:49.315343Z,4,male,28
2019-07-04T08:03:23.697155Z,5,female,22
2019-07-04T09:56:37.604475Z,6,female,30
2019-07-04T12:57:26.834032Z,7,female,25
2019-07-04T13:13:36.733781Z,8,female,26
2019-07-04T14:33:47.885694Z,9,male,23
2019-07-05T08:06:54.212306Z,10,male,26
2019-07-05T08:56:21.381868Z,11,female,33
2019-07-05T10:00:33.638364Z,12,female,31
2019-07-05T11:33:09.206345Z,13,male,32
2019-07-05T11:38:46.563470Z,14,female,28
2019-07-05T11:40:45.358831Z,15,female,33
2019-07-05T11:46:25.336418Z,16,male,34
2019-07-05T14:03:28.425652Z,17,female,32
2019-07-07T14:07:26.033269Z,18,male,37
2019-07-08T07:55:15.130985Z,19,male,23
2019-07-08T08:02:15.279980Z,20,male,32
2019-07-08T08:02:55.244050Z,21,male,30
2019-07-08T10:01:38.728603Z,22,male,29
2019-07-08T10:02:35.598026Z,23,female,23
2019-07-08T10:08:45.742275Z,24,female,27
2019-07-08T13:23:03.897499Z,25,female,24
2019-07-08T14:34:06.454968Z,26,male,31
2019-07-09T08:02:55.839253Z,27,female,29
2019-07-09T08:38:46.357388Z,28,male,18
2019-07-09T08:39:53.814251Z,29,male,18
2019-07-09T09:07:02.735948Z,30,male,25
2019-07-09T10:10:50.052576Z,31,male,32
2019-07-09T10:45:36.451845Z,32,female,28
2019-07-09T13:28:09.549200Z,33,female,27
2019-07-09T14:21:54.169746Z,34,male,25
2019-07-10T07:58:04.339115Z,35,female,27
2019-07-10T07:59:17.134908Z,36,female,25
2019-07-10T08:51:25.286859Z,37,female,32
2019-07-10T08:53:11.718742Z,38,female,18
2019-07-10T10:02:55.618456Z,39,male,27
2019-07-10T11:39:14.277790Z,40,male,23
2019-07-11T08:00:28.988782Z,41,female,31
2019-07-11T10:28:43.839030Z,42,male,31
2019-07-11T11:38:06.293132Z,43,female,23
2019-07-11T12:23:06.763775Z,44,male,35
2019-07-11T13:34:25.771676Z,45,female,34
2019-07-11T14:24:53.011322Z,46,female,26
2019-07-12T08:30:19.008090Z,48,male,23
2019-07-12T09:01:11.505671Z,49,male,25
2019-07-12T10:01:24.782420Z,50,male,22
2019-07-12T11:51:22.820740Z,51,female,21
2019-07-12T13:00:15.246614Z,52,male,32
2019-07-12T13:10:09.726168Z,53,male,32
2019-07-12T13:10:34.806092Z,54,male,32
2019-07-12T13:12:02.345576Z,55,male,32
2019-07-12T13:16:12.815301Z,56,female,44
